Reporter,Supply_Chain_Regime_ID,Debt_to_GDP_Ratio,Current_Account_to_GDP_Ratio,Sovereign_Credit_Score
CHN,1,63.708610696262625,3.2602898950741572,5
DEU,2,115.56428757689245,-0.18550484733828565,1
FRA,3,95.87945476302646,1.204943511348592,6
GBR,4,83.8792635777333,-7.732401574154569,9
IND,5,44.041677639819284,4.608828078105926,1
JPN,6,44.03950683025824,2.821754330405483,3
USA,7,35.22752509513795,-5.23959156118241,7
